pptname,invariant,invariantType,variables,tp,fp,enter,bug,file,group
main.shoppinghotel-offers.getMultiHotelOffers&200&data&offers(main.getMultiHotelOffers&Input):::EXIT,input.lang is a substring of return.self,daikon.inv.binary.twoString.StdString$SubString,"(input.lang, return.self)",1,0,0,0,c:\Users\\OneDrive\Documents\ReplicationPackage\invariantsClassified\AmadeusHotel\getMultiHotelOffers\50\invariants_50_modified_tab_delimiter.xlsx,data.offers.self
main.shoppinghotel-offers.getMultiHotelOffers&200&data&offers(main.getMultiHotelOffers&Input):::EXIT,return.id is a substring of return.self,daikon.inv.binary.twoString.StdString$SubString,"(return.id, return.self)",1,0,0,0,c:\Users\\OneDrive\Documents\ReplicationPackage\invariantsClassified\AmadeusHotel\getMultiHotelOffers\50\invariants_50_modified_tab_delimiter.xlsx,data.offers.id
main.shoppinghotel-offers.getMultiHotelOffers&200&data&offers(main.getMultiHotelOffers&Input):::EXIT,return.category is a substring of return.room.description.text,daikon.inv.binary.twoString.StdString$SubString,"(return.category, return.room.description.text)",0,1,0,0,c:\Users\\OneDrive\Documents\ReplicationPackage\invariantsClassified\AmadeusHotel\getMultiHotelOffers\50\invariants_50_modified_tab_delimiter.xlsx,data.offers.category
main.shoppinghotel-offers.getMultiHotelOffers&200&data(main.getMultiHotelOffers&Input):::EXIT,input.checkInDate is a substring of return.self,daikon.inv.binary.twoString.StdString$SubString,"(input.checkInDate, return.self)",1,0,0,0,c:\Users\\OneDrive\Documents\ReplicationPackage\invariantsClassified\AmadeusHotel\getMultiHotelOffers\50\invariants_50_modified_tab_delimiter.xlsx,data.self
main.shoppinghotel-offers.getMultiHotelOffers&200&data(main.getMultiHotelOffers&Input):::EXIT,input.checkOutDate is a substring of return.self,daikon.inv.binary.twoString.StdString$SubString,"(input.checkOutDate, return.self)",1,0,0,0,c:\Users\\OneDrive\Documents\ReplicationPackage\invariantsClassified\AmadeusHotel\getMultiHotelOffers\50\invariants_50_modified_tab_delimiter.xlsx,data.self
main.shoppinghotel-offers.getMultiHotelOffers&200&data(main.getMultiHotelOffers&Input):::EXIT,input.countryOfResidence is a substring of return.self,daikon.inv.binary.twoString.StdString$SubString,"(input.countryOfResidence, return.self)",1,0,0,0,c:\Users\\OneDrive\Documents\ReplicationPackage\invariantsClassified\AmadeusHotel\getMultiHotelOffers\50\invariants_50_modified_tab_delimiter.xlsx,data.self
main.shoppinghotel-offers.getMultiHotelOffers&200&data(main.getMultiHotelOffers&Input):::EXIT,input.currency is a substring of return.self,daikon.inv.binary.twoString.StdString$SubString,"(input.currency, return.self)",1,0,0,0,c:\Users\\OneDrive\Documents\ReplicationPackage\invariantsClassified\AmadeusHotel\getMultiHotelOffers\50\invariants_50_modified_tab_delimiter.xlsx,data.self
main.shoppinghotel-offers.getMultiHotelOffers&200&data(main.getMultiHotelOffers&Input):::EXIT,input.paymentPolicy is a substring of return.self,daikon.inv.binary.twoString.StdString$SubString,"(input.paymentPolicy, return.self)",1,0,0,0,c:\Users\\OneDrive\Documents\ReplicationPackage\invariantsClassified\AmadeusHotel\getMultiHotelOffers\50\invariants_50_modified_tab_delimiter.xlsx,data.self
main.shoppinghotel-offers.getMultiHotelOffers&200&data(main.getMultiHotelOffers&Input):::EXIT,input.boardType is a substring of return.self,daikon.inv.binary.twoString.StdString$SubString,"(input.boardType, return.self)",1,0,0,0,c:\Users\\OneDrive\Documents\ReplicationPackage\invariantsClassified\AmadeusHotel\getMultiHotelOffers\50\invariants_50_modified_tab_delimiter.xlsx,data.self
main.shoppinghotel-offers.getMultiHotelOffers&200&data(main.getMultiHotelOffers&Input):::EXIT,input.lang is a substring of return.self,daikon.inv.binary.twoString.StdString$SubString,"(input.lang, return.self)",1,0,0,0,c:\Users\\OneDrive\Documents\ReplicationPackage\invariantsClassified\AmadeusHotel\getMultiHotelOffers\50\invariants_50_modified_tab_delimiter.xlsx,data.self
main.shoppinghotel-offers.getMultiHotelOffers&200&data(main.getMultiHotelOffers&Input):::EXIT,return.type is a substring of return.self,daikon.inv.binary.twoString.StdString$SubString,"(return.type, return.self)",1,0,0,0,c:\Users\\OneDrive\Documents\ReplicationPackage\invariantsClassified\AmadeusHotel\getMultiHotelOffers\50\invariants_50_modified_tab_delimiter.xlsx,data.type
main.shoppinghotel-offers.getMultiHotelOffers&200&data(main.getMultiHotelOffers&Input):::EXIT,return.hotel.type is a substring of return.type,daikon.inv.binary.twoString.StdString$SubString,"(return.type, return.hotel.type)",1,0,0,0,c:\Users\\OneDrive\Documents\ReplicationPackage\invariantsClassified\AmadeusHotel\getMultiHotelOffers\50\invariants_50_modified_tab_delimiter.xlsx,data.type
main.shoppinghotel-offers.getMultiHotelOffers&200&data(main.getMultiHotelOffers&Input):::EXIT,return.hotel.hotelId is a substring of return.self,daikon.inv.binary.twoString.StdString$SubString,"(return.self, return.hotel.hotelId)",1,0,0,0,c:\Users\\OneDrive\Documents\ReplicationPackage\invariantsClassified\AmadeusHotel\getMultiHotelOffers\50\invariants_50_modified_tab_delimiter.xlsx,data.self
main.shoppinghotel-offers.getMultiHotelOffers&200&data(main.getMultiHotelOffers&Input):::EXIT,return.hotel.chainCode is a substring of return.hotel.hotelId,daikon.inv.binary.twoString.StdString$SubString,"(return.hotel.hotelId, return.hotel.chainCode)",1,0,0,0,c:\Users\\OneDrive\Documents\ReplicationPackage\invariantsClassified\AmadeusHotel\getMultiHotelOffers\50\invariants_50_modified_tab_delimiter.xlsx,data.hotel.hotelId
main.shoppinghotel-offers.getMultiHotelOffers&200&data(main.getMultiHotelOffers&Input):::EXIT,return.hotel.cityCode is a substring of return.hotel.hotelId,daikon.inv.binary.twoString.StdString$SubString,"(return.hotel.hotelId, return.hotel.cityCode)",1,0,0,0,c:\Users\\OneDrive\Documents\ReplicationPackage\invariantsClassified\AmadeusHotel\getMultiHotelOffers\50\invariants_50_modified_tab_delimiter.xlsx,data.hotel.hotelId
main.shoppinghotel-offers.getMultiHotelOffers&200&data&offers(main.getMultiHotelOffers&Input):::EXIT,return.self is Url,daikon.inv.unary.string.IsUrl,(return.self),1,0,0,0,c:\Users\\OneDrive\Documents\ReplicationPackage\invariantsClassified\AmadeusHotel\getMultiHotelOffers\50\invariants_50_modified_tab_delimiter.xlsx,data.offers.self
main.shoppinghotel-offers.getMultiHotelOffers&200&data(main.getMultiHotelOffers&Input):::EXIT,return.self is Url,daikon.inv.unary.string.IsUrl,(return.self),1,0,0,0,c:\Users\\OneDrive\Documents\ReplicationPackage\invariantsClassified\AmadeusHotel\getMultiHotelOffers\50\invariants_50_modified_tab_delimiter.xlsx,data.self
main.shoppinghotel-offers.getMultiHotelOffers&200&data&offers&price&taxes(main.getMultiHotelOffers&Input):::EXIT,LENGTH(return.currency)==3,daikon.inv.unary.string.FixedLengthString,(return.currency),1,0,0,0,c:\Users\\OneDrive\Documents\ReplicationPackage\invariantsClassified\AmadeusHotel\getMultiHotelOffers\50\invariants_50_modified_tab_delimiter.xlsx,data.offers.price.taxes.currency
main.shoppinghotel-offers.getMultiHotelOffers&200&data&offers&price&taxes(main.getMultiHotelOffers&Input):::EXIT,LENGTH(return.percentage)==5,daikon.inv.unary.string.FixedLengthString,(return.percentage),0,1,0,0,c:\Users\\OneDrive\Documents\ReplicationPackage\invariantsClassified\AmadeusHotel\getMultiHotelOffers\50\invariants_50_modified_tab_delimiter.xlsx,data.offers.price.taxes.percentage
main.shoppinghotel-offers.getMultiHotelOffers&200&data&offers(main.getMultiHotelOffers&Input):::EXIT,LENGTH(return.id)==10,daikon.inv.unary.string.FixedLengthString,(return.id),1,0,0,0,c:\Users\\OneDrive\Documents\ReplicationPackage\invariantsClassified\AmadeusHotel\getMultiHotelOffers\50\invariants_50_modified_tab_delimiter.xlsx,data.offers.id
main.shoppinghotel-offers.getMultiHotelOffers&200&data&offers(main.getMultiHotelOffers&Input):::EXIT,LENGTH(return.roomQuantity)==1,daikon.inv.unary.string.FixedLengthString,(return.roomQuantity),0,1,0,0,c:\Users\\OneDrive\Documents\ReplicationPackage\invariantsClassified\AmadeusHotel\getMultiHotelOffers\50\invariants_50_modified_tab_delimiter.xlsx,data.offers.roomQuantity
main.shoppinghotel-offers.getMultiHotelOffers&200&data&offers(main.getMultiHotelOffers&Input):::EXIT,LENGTH(return.rateCode)==3,daikon.inv.unary.string.FixedLengthString,(return.rateCode),1,0,0,0,c:\Users\\OneDrive\Documents\ReplicationPackage\invariantsClassified\AmadeusHotel\getMultiHotelOffers\50\invariants_50_modified_tab_delimiter.xlsx,data.offers.rateCode
main.shoppinghotel-offers.getMultiHotelOffers&200&data&offers(main.getMultiHotelOffers&Input):::EXIT,LENGTH(return.rateFamilyEstimated.code)==3,daikon.inv.unary.string.FixedLengthString,(return.rateFamilyEstimated.code),1,0,0,0,c:\Users\\OneDrive\Documents\ReplicationPackage\invariantsClassified\AmadeusHotel\getMultiHotelOffers\50\invariants_50_modified_tab_delimiter.xlsx,data.offers.rateFamilyEstimated.code
main.shoppinghotel-offers.getMultiHotelOffers&200&data&offers(main.getMultiHotelOffers&Input):::EXIT,LENGTH(return.rateFamilyEstimated.type)==1,daikon.inv.unary.string.FixedLengthString,(return.rateFamilyEstimated.type),1,0,0,0,c:\Users\\OneDrive\Documents\ReplicationPackage\invariantsClassified\AmadeusHotel\getMultiHotelOffers\50\invariants_50_modified_tab_delimiter.xlsx,data.offers.rateFamilyEstimated.type
main.shoppinghotel-offers.getMultiHotelOffers&200&data&offers(main.getMultiHotelOffers&Input):::EXIT,LENGTH(return.boardType)==9,daikon.inv.unary.string.FixedLengthString,(return.boardType),0,1,0,0,c:\Users\\OneDrive\Documents\ReplicationPackage\invariantsClassified\AmadeusHotel\getMultiHotelOffers\50\invariants_50_modified_tab_delimiter.xlsx,data.offers.boardType
main.shoppinghotel-offers.getMultiHotelOffers&200&data&offers(main.getMultiHotelOffers&Input):::EXIT,LENGTH(return.room.type)==3,daikon.inv.unary.string.FixedLengthString,(return.room.type),1,0,0,0,c:\Users\\OneDrive\Documents\ReplicationPackage\invariantsClassified\AmadeusHotel\getMultiHotelOffers\50\invariants_50_modified_tab_delimiter.xlsx,data.offers.room.type
main.shoppinghotel-offers.getMultiHotelOffers&200&data&offers(main.getMultiHotelOffers&Input):::EXIT,LENGTH(return.room.description.lang)==2,daikon.inv.unary.string.FixedLengthString,(return.room.description.lang),1,0,0,0,c:\Users\\OneDrive\Documents\ReplicationPackage\invariantsClassified\AmadeusHotel\getMultiHotelOffers\50\invariants_50_modified_tab_delimiter.xlsx,data.offers.room.description.lang
main.shoppinghotel-offers.getMultiHotelOffers&200&data&offers(main.getMultiHotelOffers&Input):::EXIT,LENGTH(return.price.currency)==3,daikon.inv.unary.string.FixedLengthString,(return.price.currency),1,0,0,0,c:\Users\\OneDrive\Documents\ReplicationPackage\invariantsClassified\AmadeusHotel\getMultiHotelOffers\50\invariants_50_modified_tab_delimiter.xlsx,data.offers.price.currency
main.shoppinghotel-offers.getMultiHotelOffers&200&data&offers(main.getMultiHotelOffers&Input):::EXIT,LENGTH(return.policies.cancellation.type)==9,daikon.inv.unary.string.FixedLengthString,(return.policies.cancellation.type),1,0,0,0,c:\Users\\OneDrive\Documents\ReplicationPackage\invariantsClassified\AmadeusHotel\getMultiHotelOffers\50\invariants_50_modified_tab_delimiter.xlsx,data.offers.policies.cancellation.type
main.shoppinghotel-offers.getMultiHotelOffers&200&data&offers(main.getMultiHotelOffers&Input):::EXIT,LENGTH(return.policies.cancellation.deadline)==25,daikon.inv.unary.string.FixedLengthString,(return.policies.cancellation.deadline),1,0,0,0,c:\Users\\OneDrive\Documents\ReplicationPackage\invariantsClassified\AmadeusHotel\getMultiHotelOffers\50\invariants_50_modified_tab_delimiter.xlsx,data.offers.policies.cancellation.deadline
main.shoppinghotel-offers.getMultiHotelOffers&200&data(main.getMultiHotelOffers&Input):::EXIT,LENGTH(return.type)==12,daikon.inv.unary.string.FixedLengthString,(return.type),1,0,0,0,c:\Users\\OneDrive\Documents\ReplicationPackage\invariantsClassified\AmadeusHotel\getMultiHotelOffers\50\invariants_50_modified_tab_delimiter.xlsx,data.type
main.shoppinghotel-offers.getMultiHotelOffers&200&data(main.getMultiHotelOffers&Input):::EXIT,LENGTH(return.hotel.hotelId)==8,daikon.inv.unary.string.FixedLengthString,(return.hotel.hotelId),1,0,0,0,c:\Users\\OneDrive\Documents\ReplicationPackage\invariantsClassified\AmadeusHotel\getMultiHotelOffers\50\invariants_50_modified_tab_delimiter.xlsx,data.hotel.hotelId
main.shoppinghotel-offers.getMultiHotelOffers&200&data(main.getMultiHotelOffers&Input):::EXIT,LENGTH(return.hotel.chainCode)==2,daikon.inv.unary.string.FixedLengthString,(return.hotel.chainCode),1,0,0,0,c:\Users\\OneDrive\Documents\ReplicationPackage\invariantsClassified\AmadeusHotel\getMultiHotelOffers\50\invariants_50_modified_tab_delimiter.xlsx,data.hotel.chainCode
main.shoppinghotel-offers.getMultiHotelOffers&200&data(main.getMultiHotelOffers&Input):::EXIT,LENGTH(return.hotel.dupeId)==9,daikon.inv.unary.string.FixedLengthString,(return.hotel.dupeId),1,0,0,0,c:\Users\\OneDrive\Documents\ReplicationPackage\invariantsClassified\AmadeusHotel\getMultiHotelOffers\50\invariants_50_modified_tab_delimiter.xlsx,data.hotel.dupeId
main.shoppinghotel-offers.getMultiHotelOffers&200&data(main.getMultiHotelOffers&Input):::EXIT,LENGTH(return.hotel.cityCode)==3,daikon.inv.unary.string.FixedLengthString,(return.hotel.cityCode),1,0,0,0,c:\Users\\OneDrive\Documents\ReplicationPackage\invariantsClassified\AmadeusHotel\getMultiHotelOffers\50\invariants_50_modified_tab_delimiter.xlsx,data.hotel.cityCode
main.shoppinghotel-offers.getMultiHotelOffers&200&data(main.getMultiHotelOffers&Input):::EXIT,LENGTH(return.hotel.type)==5,daikon.inv.unary.string.FixedLengthString,(return.hotel.type),1,0,0,0,c:\Users\\OneDrive\Documents\ReplicationPackage\invariantsClassified\AmadeusHotel\getMultiHotelOffers\50\invariants_50_modified_tab_delimiter.xlsx,data.hotel.type
main.shoppinghotel-offers.getMultiHotelOffers&200&data&offers(main.getMultiHotelOffers&Input):::EXIT,input.adults == return.guests.adults,daikon.inv.binary.twoScalar.IntEqual,"(input.adults, return.guests.adults)",1,0,0,0,c:\Users\\OneDrive\Documents\ReplicationPackage\invariantsClassified\AmadeusHotel\getMultiHotelOffers\50\invariants_50_modified_tab_delimiter.xlsx,data.offers.guests.adults
main.shoppinghotel-offers.getMultiHotelOffers&200&data&offers(main.getMultiHotelOffers&Input):::EXIT,input.adults == size(return.policies.deposit.acceptedPayments.methods[]),daikon.inv.binary.twoScalar.IntEqual,"(input.adults, size(return.policies.deposit.acceptedPayments.methods[..]))",0,1,0,0,c:\Users\\OneDrive\Documents\ReplicationPackage\invariantsClassified\AmadeusHotel\getMultiHotelOffers\50\invariants_50_modified_tab_delimiter.xlsx,data.offers.policies.deposit.acceptedPayments.methods
main.shoppinghotel-offers.getMultiHotelOffers&200&data&offers(main.getMultiHotelOffers&Input):::EXIT,return.description == return.commission.description,daikon.inv.binary.twoScalar.IntEqual,"(return.description, return.commission.description)",0,1,0,0,c:\Users\\OneDrive\Documents\ReplicationPackage\invariantsClassified\AmadeusHotel\getMultiHotelOffers\50\invariants_50_modified_tab_delimiter.xlsx,data.offers.description
main.shoppinghotel-offers.getMultiHotelOffers&200&data&offers(main.getMultiHotelOffers&Input):::EXIT,return.description == return.policies.guarantee.description,daikon.inv.binary.twoScalar.IntEqual,"(return.description, return.policies.guarantee.description)",0,1,0,0,c:\Users\\OneDrive\Documents\ReplicationPackage\invariantsClassified\AmadeusHotel\getMultiHotelOffers\50\invariants_50_modified_tab_delimiter.xlsx,data.offers.description
main.shoppinghotel-offers.getMultiHotelOffers&200&data&offers(main.getMultiHotelOffers&Input):::EXIT,return.description == return.policies.deposit.description,daikon.inv.binary.twoScalar.IntEqual,"(return.description, return.policies.deposit.description)",0,1,0,0,c:\Users\\OneDrive\Documents\ReplicationPackage\invariantsClassified\AmadeusHotel\getMultiHotelOffers\50\invariants_50_modified_tab_delimiter.xlsx,data.offers.description
main.shoppinghotel-offers.getMultiHotelOffers&200&data&offers(main.getMultiHotelOffers&Input):::EXIT,return.description == return.policies.prepay.description,daikon.inv.binary.twoScalar.IntEqual,"(return.description, return.policies.prepay.description)",0,1,0,0,c:\Users\\OneDrive\Documents\ReplicationPackage\invariantsClassified\AmadeusHotel\getMultiHotelOffers\50\invariants_50_modified_tab_delimiter.xlsx,data.offers.description
main.shoppinghotel-offers.getMultiHotelOffers&200&data&offers(main.getMultiHotelOffers&Input):::EXIT,return.room.typeEstimated.beds == size(return.policies.deposit.acceptedPayments.methods[]),daikon.inv.binary.twoScalar.IntEqual,"(return.room.typeEstimated.beds, size(return.policies.deposit.acceptedPayments.methods[..]))",0,1,0,0,c:\Users\\OneDrive\Documents\ReplicationPackage\invariantsClassified\AmadeusHotel\getMultiHotelOffers\50\invariants_50_modified_tab_delimiter.xlsx,data.offers.room.typeEstimated.beds
main.shoppinghotel-offers.getMultiHotelOffers&200&data&offers(main.getMultiHotelOffers&Input):::EXIT,return.price.markups == return.price.variations.average.markups,daikon.inv.binary.twoScalar.IntEqual,"(return.price.markups, return.price.variations.average.markups)",0,1,0,0,c:\Users\\OneDrive\Documents\ReplicationPackage\invariantsClassified\AmadeusHotel\getMultiHotelOffers\50\invariants_50_modified_tab_delimiter.xlsx,data.offers.price.markups
main.shoppinghotel-offers.getMultiHotelOffers&200&data&offers(main.getMultiHotelOffers&Input):::EXIT,return.policies.prepay.acceptedPayments.creditCards == return.policies.prepay.acceptedPayments.methods,daikon.inv.binary.twoScalar.IntEqual,"(return.policies.prepay.acceptedPayments.creditCards, return.policies.prepay.acceptedPayments.methods)",0,1,0,0,c:\Users\\OneDrive\Documents\ReplicationPackage\invariantsClassified\AmadeusHotel\getMultiHotelOffers\50\invariants_50_modified_tab_delimiter.xlsx,data.offers.policies.prepay.acceptedPayments.creditCards
main.shoppinghotel-offers.getMultiHotelOffers&200&data&offers&price&variations&changes(main.getMultiHotelOffers&Input):::EXIT,return.markups == null,daikon.inv.unary.scalar.OneOfScalar,(return.markups),0,1,0,0,c:\Users\\OneDrive\Documents\ReplicationPackage\invariantsClassified\AmadeusHotel\getMultiHotelOffers\50\invariants_50_modified_tab_delimiter.xlsx,data.offers.price.variations.changes.markups
main.shoppinghotel-offers.getMultiHotelOffers&200&data&offers(main.getMultiHotelOffers&Input):::EXIT,return.description == null,daikon.inv.unary.scalar.OneOfScalar,(return.description),0,1,0,0,c:\Users\\OneDrive\Documents\ReplicationPackage\invariantsClassified\AmadeusHotel\getMultiHotelOffers\50\invariants_50_modified_tab_delimiter.xlsx,data.offers.description
main.shoppinghotel-offers.getMultiHotelOffers&200&data&offers(main.getMultiHotelOffers&Input):::EXIT,"return.room.typeEstimated.beds one of { 1, 2 }",daikon.inv.unary.scalar.OneOfScalar,(return.room.typeEstimated.beds),0,1,0,0,c:\Users\\OneDrive\Documents\ReplicationPackage\invariantsClassified\AmadeusHotel\getMultiHotelOffers\50\invariants_50_modified_tab_delimiter.xlsx,data.offers.room.typeEstimated.beds
main.shoppinghotel-offers.getMultiHotelOffers&200&data&offers(main.getMultiHotelOffers&Input):::EXIT,return.guests.childAges == null,daikon.inv.unary.scalar.OneOfScalar,(return.guests.childAges),0,1,0,0,c:\Users\\OneDrive\Documents\ReplicationPackage\invariantsClassified\AmadeusHotel\getMultiHotelOffers\50\invariants_50_modified_tab_delimiter.xlsx,data.offers.guests.childAges
main.shoppinghotel-offers.getMultiHotelOffers&200&data&offers(main.getMultiHotelOffers&Input):::EXIT,return.price.markups == null,daikon.inv.unary.scalar.OneOfScalar,(return.price.markups),0,1,0,0,c:\Users\\OneDrive\Documents\ReplicationPackage\invariantsClassified\AmadeusHotel\getMultiHotelOffers\50\invariants_50_modified_tab_delimiter.xlsx,data.offers.price.markups
main.shoppinghotel-offers.getMultiHotelOffers&200&data&offers(main.getMultiHotelOffers&Input):::EXIT,return.policies.prepay == null,daikon.inv.unary.scalar.OneOfScalar,(return.policies.prepay),0,1,0,0,c:\Users\\OneDrive\Documents\ReplicationPackage\invariantsClassified\AmadeusHotel\getMultiHotelOffers\50\invariants_50_modified_tab_delimiter.xlsx,data.offers.policies.prepay
main.shoppinghotel-offers.getMultiHotelOffers&200&data&offers(main.getMultiHotelOffers&Input):::EXIT,return.policies.prepay.acceptedPayments == null,daikon.inv.unary.scalar.OneOfScalar,(return.policies.prepay.acceptedPayments),0,1,0,0,c:\Users\\OneDrive\Documents\ReplicationPackage\invariantsClassified\AmadeusHotel\getMultiHotelOffers\50\invariants_50_modified_tab_delimiter.xlsx,data.offers.policies.prepay.acceptedPayments
main.shoppinghotel-offers.getMultiHotelOffers&200&data&offers(main.getMultiHotelOffers&Input):::EXIT,return.policies.prepay.acceptedPayments.creditCards == null,daikon.inv.unary.scalar.OneOfScalar,(return.policies.prepay.acceptedPayments.creditCards),0,1,0,0,c:\Users\\OneDrive\Documents\ReplicationPackage\invariantsClassified\AmadeusHotel\getMultiHotelOffers\50\invariants_50_modified_tab_delimiter.xlsx,data.offers.policies.prepay.acceptedPayments.creditCards
main.shoppinghotel-offers.getMultiHotelOffers&200&data&offers(main.getMultiHotelOffers&Input):::EXIT,return.policies.holdTime == null,daikon.inv.unary.scalar.OneOfScalar,(return.policies.holdTime),0,1,0,0,c:\Users\\OneDrive\Documents\ReplicationPackage\invariantsClassified\AmadeusHotel\getMultiHotelOffers\50\invariants_50_modified_tab_delimiter.xlsx,data.offers.policies.holdTime
main.shoppinghotel-offers.getMultiHotelOffers&200&data&offers(main.getMultiHotelOffers&Input):::EXIT,"return.policies.cancellation.numberOfNights one of { 1, 3 }",daikon.inv.unary.scalar.OneOfScalar,(return.policies.cancellation.numberOfNights),0,1,0,0,c:\Users\\OneDrive\Documents\ReplicationPackage\invariantsClassified\AmadeusHotel\getMultiHotelOffers\50\invariants_50_modified_tab_delimiter.xlsx,data.offers.policies.cancellation.numberOfNights
main.shoppinghotel-offers.getMultiHotelOffers&200&data&offers(main.getMultiHotelOffers&Input):::EXIT,return.policies.checkInOut == null,daikon.inv.unary.scalar.OneOfScalar,(return.policies.checkInOut),0,1,0,0,c:\Users\\OneDrive\Documents\ReplicationPackage\invariantsClassified\AmadeusHotel\getMultiHotelOffers\50\invariants_50_modified_tab_delimiter.xlsx,data.offers.policies.checkInOut
main.shoppinghotel-offers.getMultiHotelOffers&200&data&offers(main.getMultiHotelOffers&Input):::EXIT,return.policies.checkInOut.checkInDescription == null,daikon.inv.unary.scalar.OneOfScalar,(return.policies.checkInOut.checkInDescription),0,1,0,0,c:\Users\\OneDrive\Documents\ReplicationPackage\invariantsClassified\AmadeusHotel\getMultiHotelOffers\50\invariants_50_modified_tab_delimiter.xlsx,data.offers.policies.checkInOut.checkInDescription
main.shoppinghotel-offers.getMultiHotelOffers&200&data&offers(main.getMultiHotelOffers&Input):::EXIT,return.policies.checkInOut.checkOutDescription == null,daikon.inv.unary.scalar.OneOfScalar,(return.policies.checkInOut.checkOutDescription),0,1,0,0,c:\Users\\OneDrive\Documents\ReplicationPackage\invariantsClassified\AmadeusHotel\getMultiHotelOffers\50\invariants_50_modified_tab_delimiter.xlsx,data.offers.policies.checkInOut.checkOutDescription
main.shoppinghotel-offers.getMultiHotelOffers&200&data&offers(main.getMultiHotelOffers&Input):::EXIT,"size(return.price.taxes[]) one of { 1, 2, 3 }",daikon.inv.unary.scalar.OneOfScalar,(size(return.price.taxes[..])),0,1,0,0,c:\Users\\OneDrive\Documents\ReplicationPackage\invariantsClassified\AmadeusHotel\getMultiHotelOffers\50\invariants_50_modified_tab_delimiter.xlsx,data.offers.price.taxes
main.shoppinghotel-offers.getMultiHotelOffers&200&data&offers(main.getMultiHotelOffers&Input):::EXIT,size(return.policies.guarantee.acceptedPayments.methods[]) == 1,daikon.inv.unary.scalar.OneOfScalar,(size(return.policies.guarantee.acceptedPayments.methods[..])),0,1,0,0,c:\Users\\OneDrive\Documents\ReplicationPackage\invariantsClassified\AmadeusHotel\getMultiHotelOffers\50\invariants_50_modified_tab_delimiter.xlsx,data.offers.policies.guarantee.acceptedPayments.methods
main.shoppinghotel-offers.getMultiHotelOffers&200&data&offers(main.getMultiHotelOffers&Input):::EXIT,"size(return.policies.deposit.acceptedPayments.creditCards[]) one of { 7, 9 }",daikon.inv.unary.scalar.OneOfScalar,(size(return.policies.deposit.acceptedPayments.creditCards[..])),0,1,0,0,c:\Users\\OneDrive\Documents\ReplicationPackage\invariantsClassified\AmadeusHotel\getMultiHotelOffers\50\invariants_50_modified_tab_delimiter.xlsx,data.offers.policies.deposit.acceptedPayments.creditCards
main.shoppinghotel-offers.getMultiHotelOffers&200&data&offers(main.getMultiHotelOffers&Input):::EXIT,"size(return.policies.deposit.acceptedPayments.methods[]) one of { 1, 2 }",daikon.inv.unary.scalar.OneOfScalar,(size(return.policies.deposit.acceptedPayments.methods[..])),0,1,0,0,c:\Users\\OneDrive\Documents\ReplicationPackage\invariantsClassified\AmadeusHotel\getMultiHotelOffers\50\invariants_50_modified_tab_delimiter.xlsx,data.offers.policies.deposit.acceptedPayments.methods
main.shoppinghotel-offers.getMultiHotelOffers&200&data&offers(main.getMultiHotelOffers&Input):::EXIT,return.price.taxes[return.policies.cancellation.numberOfNights] has only one value,daikon.inv.unary.scalar.OneOfScalar,(return.price.taxes[return.policies.cancellation.numberOfNights]),0,1,0,0,c:\Users\\OneDrive\Documents\ReplicationPackage\invariantsClassified\AmadeusHotel\getMultiHotelOffers\50\invariants_50_modified_tab_delimiter.xlsx,data.offers.price.taxes[data.offers.policies.cancellation.numberOfNights]
main.shoppinghotel-offers.getMultiHotelOffers&200&data&offers(main.getMultiHotelOffers&Input):::EXIT,return.price.taxes[return.policies.cancellation.numberOfNights-1] has only one value,daikon.inv.unary.scalar.OneOfScalar,(return.price.taxes[return.policies.cancellation.numberOfNights-1]),0,1,0,0,c:\Users\\OneDrive\Documents\ReplicationPackage\invariantsClassified\AmadeusHotel\getMultiHotelOffers\50\invariants_50_modified_tab_delimiter.xlsx,data.offers.price.taxes[data.offers.policies.cancellation.numberOfNights-1]
main.shoppinghotel-offers.getMultiHotelOffers&200&data&offers&price&taxes(main.getMultiHotelOffers&Input):::EXIT,"return.pricingFrequency one of { ""PER_NIGHT"", ""PER_STAY"" }",daikon.inv.unary.string.OneOfString,(return.pricingFrequency),1,0,0,0,c:\Users\\OneDrive\Documents\ReplicationPackage\invariantsClassified\AmadeusHotel\getMultiHotelOffers\50\invariants_50_modified_tab_delimiter.xlsx,data.offers.price.taxes.pricingFrequency
main.shoppinghotel-offers.getMultiHotelOffers&200&data&offers&price&taxes(main.getMultiHotelOffers&Input):::EXIT,"return.pricingMode one of { ""PER_OCCUPANT"", ""PER_PRODUCT"" }",daikon.inv.unary.string.OneOfString,(return.pricingMode),1,0,0,0,c:\Users\\OneDrive\Documents\ReplicationPackage\invariantsClassified\AmadeusHotel\getMultiHotelOffers\50\invariants_50_modified_tab_delimiter.xlsx,data.offers.price.taxes.pricingMode
main.shoppinghotel-offers.getMultiHotelOffers&200&data&offers(main.getMultiHotelOffers&Input):::EXIT,"return.checkInDate one of { ""2022-09-20"", ""2022-09-21"", ""2022-09-22"" }",daikon.inv.unary.string.OneOfString,(return.checkInDate),0,1,0,0,c:\Users\\OneDrive\Documents\ReplicationPackage\invariantsClassified\AmadeusHotel\getMultiHotelOffers\50\invariants_50_modified_tab_delimiter.xlsx,data.offers.checkInDate
main.shoppinghotel-offers.getMultiHotelOffers&200&data&offers(main.getMultiHotelOffers&Input):::EXIT,"return.rateFamilyEstimated.type one of { ""C"", ""P"" }",daikon.inv.unary.string.OneOfString,(return.rateFamilyEstimated.type),0,1,0,0,c:\Users\\OneDrive\Documents\ReplicationPackage\invariantsClassified\AmadeusHotel\getMultiHotelOffers\50\invariants_50_modified_tab_delimiter.xlsx,data.offers.rateFamilyEstimated.type
main.shoppinghotel-offers.getMultiHotelOffers&200&data&offers(main.getMultiHotelOffers&Input):::EXIT,"return.category == ""GOV""",daikon.inv.unary.string.OneOfString,(return.category),0,1,0,0,c:\Users\\OneDrive\Documents\ReplicationPackage\invariantsClassified\AmadeusHotel\getMultiHotelOffers\50\invariants_50_modified_tab_delimiter.xlsx,data.offers.category
main.shoppinghotel-offers.getMultiHotelOffers&200&data&offers(main.getMultiHotelOffers&Input):::EXIT,"return.boardType one of { ""BREAKFAST"", ""ROOM_ONLY"" }",daikon.inv.unary.string.OneOfString,(return.boardType),0,1,0,0,c:\Users\\OneDrive\Documents\ReplicationPackage\invariantsClassified\AmadeusHotel\getMultiHotelOffers\50\invariants_50_modified_tab_delimiter.xlsx,data.offers.boardType
main.shoppinghotel-offers.getMultiHotelOffers&200&data&offers(main.getMultiHotelOffers&Input):::EXIT,"return.price.variations.average.total == ""126.73""",daikon.inv.unary.string.OneOfString,(return.price.variations.average.total),0,1,0,0,c:\Users\\OneDrive\Documents\ReplicationPackage\invariantsClassified\AmadeusHotel\getMultiHotelOffers\50\invariants_50_modified_tab_delimiter.xlsx,data.offers.price.variations.average.total
main.shoppinghotel-offers.getMultiHotelOffers&200&data&offers(main.getMultiHotelOffers&Input):::EXIT,"return.policies.paymentType one of { ""deposit"", ""guarantee"" }",daikon.inv.unary.string.OneOfString,(return.policies.paymentType),0,1,0,0,c:\Users\\OneDrive\Documents\ReplicationPackage\invariantsClassified\AmadeusHotel\getMultiHotelOffers\50\invariants_50_modified_tab_delimiter.xlsx,data.offers.policies.paymentType
main.shoppinghotel-offers.getMultiHotelOffers&200&data&offers(main.getMultiHotelOffers&Input):::EXIT,"return.policies.cancellation.type == ""FULL_STAY""",daikon.inv.unary.string.OneOfString,(return.policies.cancellation.type),1,0,0,0,c:\Users\\OneDrive\Documents\ReplicationPackage\invariantsClassified\AmadeusHotel\getMultiHotelOffers\50\invariants_50_modified_tab_delimiter.xlsx,data.offers.policies.cancellation.type
main.shoppinghotel-offers.getMultiHotelOffers&200&data&offers(main.getMultiHotelOffers&Input):::EXIT,"return.policies.cancellation.description.text one of { ""NON-REFUNDABLE RATE"", ""Plus Taxes and fees where appropriate."" }",daikon.inv.unary.string.OneOfString,(return.policies.cancellation.description.text),0,1,0,0,c:\Users\\OneDrive\Documents\ReplicationPackage\invariantsClassified\AmadeusHotel\getMultiHotelOffers\50\invariants_50_modified_tab_delimiter.xlsx,data.offers.policies.cancellation.description.text
main.shoppinghotel-offers.getMultiHotelOffers&200&data(main.getMultiHotelOffers&Input):::EXIT,"return.type == ""hotel-offers""",daikon.inv.unary.string.OneOfString,(return.type),1,0,0,0,c:\Users\\OneDrive\Documents\ReplicationPackage\invariantsClassified\AmadeusHotel\getMultiHotelOffers\50\invariants_50_modified_tab_delimiter.xlsx,data.type
main.shoppinghotel-offers.getMultiHotelOffers&200&data(main.getMultiHotelOffers&Input):::EXIT,"return.hotel.type == ""hotel""",daikon.inv.unary.string.OneOfString,(return.hotel.type),1,0,0,0,c:\Users\\OneDrive\Documents\ReplicationPackage\invariantsClassified\AmadeusHotel\getMultiHotelOffers\50\invariants_50_modified_tab_delimiter.xlsx,data.hotel.type
main.shoppinghotel-offers.getMultiHotelOffers&200&data&offers&price&variations&changes(main.getMultiHotelOffers&Input):::EXIT,return.total == return.base,daikon.inv.binary.twoString.StringEqual,"(return.total, return.base)",0,1,0,0,c:\Users\\OneDrive\Documents\ReplicationPackage\invariantsClassified\AmadeusHotel\getMultiHotelOffers\50\invariants_50_modified_tab_delimiter.xlsx,data.offers.price.variations.changes.total
main.shoppinghotel-offers.getMultiHotelOffers&200&data&offers(main.getMultiHotelOffers&Input):::EXIT,input.checkInDate == return.checkInDate,daikon.inv.binary.twoString.StringEqual,"(input.checkInDate, return.checkInDate)",1,0,0,0,c:\Users\\OneDrive\Documents\ReplicationPackage\invariantsClassified\AmadeusHotel\getMultiHotelOffers\50\invariants_50_modified_tab_delimiter.xlsx,data.offers.checkInDate
main.shoppinghotel-offers.getMultiHotelOffers&200&data&offers(main.getMultiHotelOffers&Input):::EXIT,input.checkOutDate == return.checkOutDate,daikon.inv.binary.twoString.StringEqual,"(input.checkOutDate, return.checkOutDate)",1,0,0,0,c:\Users\\OneDrive\Documents\ReplicationPackage\invariantsClassified\AmadeusHotel\getMultiHotelOffers\50\invariants_50_modified_tab_delimiter.xlsx,data.offers.checkOutDate
main.shoppinghotel-offers.getMultiHotelOffers&200&data&offers(main.getMultiHotelOffers&Input):::EXIT,input.boardType == return.boardType,daikon.inv.binary.twoString.StringEqual,"(input.boardType, return.boardType)",0,1,0,0,c:\Users\\OneDrive\Documents\ReplicationPackage\invariantsClassified\AmadeusHotel\getMultiHotelOffers\50\invariants_50_modified_tab_delimiter.xlsx,data.offers.boardType
main.shoppinghotel-offers.getMultiHotelOffers&200&data&offers(main.getMultiHotelOffers&Input):::EXIT,return.rateCode == return.category,daikon.inv.binary.twoString.StringEqual,"(return.rateCode, return.category)",0,1,0,0,c:\Users\\OneDrive\Documents\ReplicationPackage\invariantsClassified\AmadeusHotel\getMultiHotelOffers\50\invariants_50_modified_tab_delimiter.xlsx,data.offers.rateCode
main.shoppinghotel-offers.getMultiHotelOffers&200&data&offers(main.getMultiHotelOffers&Input):::EXIT,return.rateFamilyEstimated.code == return.category,daikon.inv.binary.twoString.StringEqual,"(return.rateFamilyEstimated.code, return.category)",0,1,0,0,c:\Users\\OneDrive\Documents\ReplicationPackage\invariantsClassified\AmadeusHotel\getMultiHotelOffers\50\invariants_50_modified_tab_delimiter.xlsx,data.offers.rateFamilyEstimated.code
main.shoppinghotel-offers.getMultiHotelOffers&200&data&offers(main.getMultiHotelOffers&Input):::EXIT,input.adults >= size(return.policies.guarantee.acceptedPayments.methods[]),daikon.inv.binary.twoScalar.IntGreaterEqual,"(input.adults, size(return.policies.guarantee.acceptedPayments.methods[..]))",0,1,0,0,c:\Users\\OneDrive\Documents\ReplicationPackage\invariantsClassified\AmadeusHotel\getMultiHotelOffers\50\invariants_50_modified_tab_delimiter.xlsx,data.offers.policies.guarantee.acceptedPayments.methods
main.shoppinghotel-offers.getMultiHotelOffers&200&data&offers(main.getMultiHotelOffers&Input):::EXIT,input.roomQuantity >= return.room.typeEstimated.beds,daikon.inv.binary.twoScalar.IntGreaterEqual,"(input.roomQuantity, return.room.typeEstimated.beds)",0,1,0,0,c:\Users\\OneDrive\Documents\ReplicationPackage\invariantsClassified\AmadeusHotel\getMultiHotelOffers\50\invariants_50_modified_tab_delimiter.xlsx,data.offers.room.typeEstimated.beds
main.shoppinghotel-offers.getMultiHotelOffers&200&data&offers(main.getMultiHotelOffers&Input):::EXIT,input.roomQuantity >= size(return.policies.guarantee.acceptedPayments.methods[]),daikon.inv.binary.twoScalar.IntGreaterEqual,"(input.roomQuantity, size(return.policies.guarantee.acceptedPayments.methods[..]))",0,1,0,0,c:\Users\\OneDrive\Documents\ReplicationPackage\invariantsClassified\AmadeusHotel\getMultiHotelOffers\50\invariants_50_modified_tab_delimiter.xlsx,data.offers.policies.guarantee.acceptedPayments.methods
main.shoppinghotel-offers.getMultiHotelOffers&200&data&offers(main.getMultiHotelOffers&Input):::EXIT,return.room.typeEstimated.beds >= size(return.policies.guarantee.acceptedPayments.methods[]),daikon.inv.binary.twoScalar.IntGreaterEqual,"(return.room.typeEstimated.beds, size(return.policies.guarantee.acceptedPayments.methods[..]))",0,1,0,0,c:\Users\\OneDrive\Documents\ReplicationPackage\invariantsClassified\AmadeusHotel\getMultiHotelOffers\50\invariants_50_modified_tab_delimiter.xlsx,data.offers.room.typeEstimated.beds
main.shoppinghotel-offers.getMultiHotelOffers&200&data&offers(main.getMultiHotelOffers&Input):::EXIT,size(input.hotelIds[]) >= size(return.policies.guarantee.acceptedPayments.methods[]),daikon.inv.binary.twoScalar.IntGreaterEqual,"(size(input.hotelIds[..]), size(return.policies.guarantee.acceptedPayments.methods[..]))",0,1,0,0,c:\Users\\OneDrive\Documents\ReplicationPackage\invariantsClassified\AmadeusHotel\getMultiHotelOffers\50\invariants_50_modified_tab_delimiter.xlsx,data.offers.policies.guarantee.acceptedPayments.methods
main.shoppinghotel-offers.getMultiHotelOffers&200&data&offers(main.getMultiHotelOffers&Input):::EXIT,size(return.price.taxes[]) >= size(return.policies.guarantee.acceptedPayments.methods[]),daikon.inv.binary.twoScalar.IntGreaterEqual,"(size(return.price.taxes[..]), size(return.policies.guarantee.acceptedPayments.methods[..]))",0,1,0,0,c:\Users\\OneDrive\Documents\ReplicationPackage\invariantsClassified\AmadeusHotel\getMultiHotelOffers\50\invariants_50_modified_tab_delimiter.xlsx,data.offers.price.taxes
main.shoppinghotel-offers.getMultiHotelOffers&200&data&offers(main.getMultiHotelOffers&Input):::EXIT,size(return.price.variations.changes[]) >= size(return.policies.guarantee.acceptedPayments.methods[]),daikon.inv.binary.twoScalar.IntGreaterEqual,"(size(return.price.variations.changes[..]), size(return.policies.guarantee.acceptedPayments.methods[..]))",0,1,0,0,c:\Users\\OneDrive\Documents\ReplicationPackage\invariantsClassified\AmadeusHotel\getMultiHotelOffers\50\invariants_50_modified_tab_delimiter.xlsx,data.offers.price.variations.changes
main.shoppinghotel-offers.getMultiHotelOffers&200(main.getMultiHotelOffers&Input):::EXIT,size(input.hotelIds[]) >= size(return.data[]),daikon.inv.binary.twoScalar.IntGreaterEqual,"(size(input.hotelIds[..]), size(return.data[..]))",1,0,0,0,c:\Users\\OneDrive\Documents\ReplicationPackage\invariantsClassified\AmadeusHotel\getMultiHotelOffers\50\invariants_50_modified_tab_delimiter.xlsx,data
main.shoppinghotel-offers.getMultiHotelOffers&200&data&offers(main.getMultiHotelOffers&Input):::EXIT,size(return.price.variations.changes[]) >= 1,daikon.inv.unary.scalar.LowerBound,(size(return.price.variations.changes[..])),1,0,0,0,c:\Users\\OneDrive\Documents\ReplicationPackage\invariantsClassified\AmadeusHotel\getMultiHotelOffers\50\invariants_50_modified_tab_delimiter.xlsx,data.offers.price.variations.changes
main.shoppinghotel-offers.getMultiHotelOffers&200&data(main.getMultiHotelOffers&Input):::EXIT,size(return.offers[]) >= 1,daikon.inv.unary.scalar.LowerBound,(size(return.offers[..])),1,0,0,0,c:\Users\\OneDrive\Documents\ReplicationPackage\invariantsClassified\AmadeusHotel\getMultiHotelOffers\50\invariants_50_modified_tab_delimiter.xlsx,data.offers
main.shoppinghotel-offers.getMultiHotelOffers&200&data&offers&price&taxes(main.getMultiHotelOffers&Input):::EXIT,return.amount is Numeric,daikon.inv.unary.string.IsNumeric,(return.amount),1,0,0,0,c:\Users\\OneDrive\Documents\ReplicationPackage\invariantsClassified\AmadeusHotel\getMultiHotelOffers\50\invariants_50_modified_tab_delimiter.xlsx,data.offers.price.taxes.amount
main.shoppinghotel-offers.getMultiHotelOffers&200&data&offers&price&taxes(main.getMultiHotelOffers&Input):::EXIT,return.percentage is Numeric,daikon.inv.unary.string.IsNumeric,(return.percentage),1,0,0,0,c:\Users\\OneDrive\Documents\ReplicationPackage\invariantsClassified\AmadeusHotel\getMultiHotelOffers\50\invariants_50_modified_tab_delimiter.xlsx,data.offers.price.taxes.percentage
main.shoppinghotel-offers.getMultiHotelOffers&200&data&offers&price&variations&changes(main.getMultiHotelOffers&Input):::EXIT,return.total is Numeric,daikon.inv.unary.string.IsNumeric,(return.total),1,0,0,0,c:\Users\\OneDrive\Documents\ReplicationPackage\invariantsClassified\AmadeusHotel\getMultiHotelOffers\50\invariants_50_modified_tab_delimiter.xlsx,data.offers.price.variations.changes.total
main.shoppinghotel-offers.getMultiHotelOffers&200&data&offers&price&variations&changes(main.getMultiHotelOffers&Input):::EXIT,return.base is Numeric,daikon.inv.unary.string.IsNumeric,(return.base),1,0,0,0,c:\Users\\OneDrive\Documents\ReplicationPackage\invariantsClassified\AmadeusHotel\getMultiHotelOffers\50\invariants_50_modified_tab_delimiter.xlsx,data.offers.price.variations.changes.base
main.shoppinghotel-offers.getMultiHotelOffers&200&data&offers(main.getMultiHotelOffers&Input):::EXIT,return.roomQuantity is Numeric,daikon.inv.unary.string.IsNumeric,(return.roomQuantity),1,0,0,0,c:\Users\\OneDrive\Documents\ReplicationPackage\invariantsClassified\AmadeusHotel\getMultiHotelOffers\50\invariants_50_modified_tab_delimiter.xlsx,data.offers.roomQuantity
main.shoppinghotel-offers.getMultiHotelOffers&200&data&offers(main.getMultiHotelOffers&Input):::EXIT,return.commission.percentage is Numeric,daikon.inv.unary.string.IsNumeric,(return.commission.percentage),1,0,0,0,c:\Users\\OneDrive\Documents\ReplicationPackage\invariantsClassified\AmadeusHotel\getMultiHotelOffers\50\invariants_50_modified_tab_delimiter.xlsx,data.offers.commission.percentage
main.shoppinghotel-offers.getMultiHotelOffers&200&data&offers(main.getMultiHotelOffers&Input):::EXIT,return.price.total is Numeric,daikon.inv.unary.string.IsNumeric,(return.price.total),1,0,0,0,c:\Users\\OneDrive\Documents\ReplicationPackage\invariantsClassified\AmadeusHotel\getMultiHotelOffers\50\invariants_50_modified_tab_delimiter.xlsx,data.offers.price.total
main.shoppinghotel-offers.getMultiHotelOffers&200&data&offers(main.getMultiHotelOffers&Input):::EXIT,return.price.base is Numeric,daikon.inv.unary.string.IsNumeric,(return.price.base),1,0,0,0,c:\Users\\OneDrive\Documents\ReplicationPackage\invariantsClassified\AmadeusHotel\getMultiHotelOffers\50\invariants_50_modified_tab_delimiter.xlsx,data.offers.price.base
main.shoppinghotel-offers.getMultiHotelOffers&200&data&offers(main.getMultiHotelOffers&Input):::EXIT,return.price.variations.average.base is Numeric,daikon.inv.unary.string.IsNumeric,(return.price.variations.average.base),1,0,0,0,c:\Users\\OneDrive\Documents\ReplicationPackage\invariantsClassified\AmadeusHotel\getMultiHotelOffers\50\invariants_50_modified_tab_delimiter.xlsx,data.offers.price.variations.average.base
main.shoppinghotel-offers.getMultiHotelOffers&200&data&offers(main.getMultiHotelOffers&Input):::EXIT,return.policies.cancellation.amount is Numeric,daikon.inv.unary.string.IsNumeric,(return.policies.cancellation.amount),1,0,0,0,c:\Users\\OneDrive\Documents\ReplicationPackage\invariantsClassified\AmadeusHotel\getMultiHotelOffers\50\invariants_50_modified_tab_delimiter.xlsx,data.offers.policies.cancellation.amount
main.shoppinghotel-offers.getMultiHotelOffers&200&data(main.getMultiHotelOffers&Input):::EXIT,return.hotel.dupeId is Numeric,daikon.inv.unary.string.IsNumeric,(return.hotel.dupeId),1,0,0,0,c:\Users\\OneDrive\Documents\ReplicationPackage\invariantsClassified\AmadeusHotel\getMultiHotelOffers\50\invariants_50_modified_tab_delimiter.xlsx,data.hotel.dupeId
main.shoppinghotel-offers.getMultiHotelOffers&200&data&offers(main.getMultiHotelOffers&Input):::EXIT,size(return.price.variations.changes[]) <= size(return.policies.guarantee.acceptedPayments.creditCards[]),daikon.inv.binary.twoScalar.IntLessEqual,"(size(return.price.variations.changes[..]), size(return.policies.guarantee.acceptedPayments.creditCards[..]))",0,1,0,0,c:\Users\\OneDrive\Documents\ReplicationPackage\invariantsClassified\AmadeusHotel\getMultiHotelOffers\50\invariants_50_modified_tab_delimiter.xlsx,data.offers.price.variations.changes
main.shoppinghotel-offers.getMultiHotelOffers&200&data&offers(main.getMultiHotelOffers&Input):::EXIT,All the elements of return.policies.guarantee.acceptedPayments.creditCards[] have LENGTH=2,daikon.inv.unary.stringsequence.SequenceFixedLengthString,(return.policies.guarantee.acceptedPayments.creditCards[..]),1,0,0,0,c:\Users\\OneDrive\Documents\ReplicationPackage\invariantsClassified\AmadeusHotel\getMultiHotelOffers\50\invariants_50_modified_tab_delimiter.xlsx,data.offers.policies.guarantee.acceptedPayments.creditCards
main.shoppinghotel-offers.getMultiHotelOffers&200&data&offers(main.getMultiHotelOffers&Input):::EXIT,All the elements of return.policies.guarantee.acceptedPayments.methods[] have LENGTH=11,daikon.inv.unary.stringsequence.SequenceFixedLengthString,(return.policies.guarantee.acceptedPayments.methods[..]),0,1,0,0,c:\Users\\OneDrive\Documents\ReplicationPackage\invariantsClassified\AmadeusHotel\getMultiHotelOffers\50\invariants_50_modified_tab_delimiter.xlsx,data.offers.policies.guarantee.acceptedPayments.methods
main.shoppinghotel-offers.getMultiHotelOffers&200&data&offers(main.getMultiHotelOffers&Input):::EXIT,All the elements of return.policies.deposit.acceptedPayments.creditCards[] have LENGTH=2,daikon.inv.unary.stringsequence.SequenceFixedLengthString,(return.policies.deposit.acceptedPayments.creditCards[..]),1,0,0,0,c:\Users\\OneDrive\Documents\ReplicationPackage\invariantsClassified\AmadeusHotel\getMultiHotelOffers\50\invariants_50_modified_tab_delimiter.xlsx,data.offers.policies.deposit.acceptedPayments.creditCards
main.shoppinghotel-offers.getMultiHotelOffers&200&data(main.getMultiHotelOffers&Input):::EXIT,return.hotel.hotelId in input.hotelIds[],daikon.inv.binary.sequenceString.MemberString,"(input.hotelIds[..], return.hotel.hotelId)",1,0,0,0,c:\Users\\OneDrive\Documents\ReplicationPackage\invariantsClassified\AmadeusHotel\getMultiHotelOffers\50\invariants_50_modified_tab_delimiter.xlsx,data.hotel.hotelId
main.shoppinghotel-offers.getMultiHotelOffers&200&data&offers(main.getMultiHotelOffers&Input):::EXIT,return.policies.guarantee.acceptedPayments.methods[] == [CREDIT_CARD],daikon.inv.unary.stringsequence.OneOfStringSequence,(return.policies.guarantee.acceptedPayments.methods[..]),0,1,0,0,c:\Users\\OneDrive\Documents\ReplicationPackage\invariantsClassified\AmadeusHotel\getMultiHotelOffers\50\invariants_50_modified_tab_delimiter.xlsx,data.offers.policies.guarantee.acceptedPayments.methods
main.shoppinghotel-offers.getMultiHotelOffers&200&data&offers(main.getMultiHotelOffers&Input):::EXIT,"return.policies.deposit.acceptedPayments.creditCards[] one of { [AX, CA, DC, EC, IK, JC, VI], [VI, AX, CA, DC, EC, JC, CU, MC, IK] }",daikon.inv.unary.stringsequence.OneOfStringSequence,(return.policies.deposit.acceptedPayments.creditCards[..]),0,1,0,0,c:\Users\\OneDrive\Documents\ReplicationPackage\invariantsClassified\AmadeusHotel\getMultiHotelOffers\50\invariants_50_modified_tab_delimiter.xlsx,data.offers.policies.deposit.acceptedPayments.creditCards
main.shoppinghotel-offers.getMultiHotelOffers&200&data&offers(main.getMultiHotelOffers&Input):::EXIT,"return.policies.deposit.acceptedPayments.methods[] one of { [CREDIT_CARD], [CREDIT_CARD, ADVANCE_DEPOSIT] }",daikon.inv.unary.stringsequence.OneOfStringSequence,(return.policies.deposit.acceptedPayments.methods[..]),0,1,0,0,c:\Users\\OneDrive\Documents\ReplicationPackage\invariantsClassified\AmadeusHotel\getMultiHotelOffers\50\invariants_50_modified_tab_delimiter.xlsx,data.offers.policies.deposit.acceptedPayments.methods
main.shoppinghotel-offers.getMultiHotelOffers&200&data&offers&price&variations&changes(main.getMultiHotelOffers&Input):::EXIT,return.startDate is a Date. Format: YYYY/MM/DD,daikon.inv.unary.string.dates.IsDateYYYYMMDD,(return.startDate),1,0,0,0,c:\Users\\OneDrive\Documents\ReplicationPackage\invariantsClassified\AmadeusHotel\getMultiHotelOffers\50\invariants_50_modified_tab_delimiter.xlsx,data.offers.price.variations.changes.startDate
main.shoppinghotel-offers.getMultiHotelOffers&200&data&offers&price&variations&changes(main.getMultiHotelOffers&Input):::EXIT,return.endDate is a Date. Format: YYYY/MM/DD,daikon.inv.unary.string.dates.IsDateYYYYMMDD,(return.endDate),1,0,0,0,c:\Users\\OneDrive\Documents\ReplicationPackage\invariantsClassified\AmadeusHotel\getMultiHotelOffers\50\invariants_50_modified_tab_delimiter.xlsx,data.offers.price.variations.changes.endDate
main.shoppinghotel-offers.getMultiHotelOffers&200&data&offers(main.getMultiHotelOffers&Input):::EXIT,return.checkInDate is a Date. Format: YYYY/MM/DD,daikon.inv.unary.string.dates.IsDateYYYYMMDD,(return.checkInDate),1,0,0,0,c:\Users\\OneDrive\Documents\ReplicationPackage\invariantsClassified\AmadeusHotel\getMultiHotelOffers\50\invariants_50_modified_tab_delimiter.xlsx,data.offers.checkInDate
main.shoppinghotel-offers.getMultiHotelOffers&200&data&offers(main.getMultiHotelOffers&Input):::EXIT,return.checkOutDate is a Date. Format: YYYY/MM/DD,daikon.inv.unary.string.dates.IsDateYYYYMMDD,(return.checkOutDate),1,0,0,0,c:\Users\\OneDrive\Documents\ReplicationPackage\invariantsClassified\AmadeusHotel\getMultiHotelOffers\50\invariants_50_modified_tab_delimiter.xlsx,data.offers.checkOutDate
main.shoppinghotel-offers.getMultiHotelOffers&200&data&offers(main.getMultiHotelOffers&Input):::EXIT,"return.policies.guarantee.acceptedPayments.methods[] elements == ""CREDIT_CARD""",daikon.inv.unary.stringsequence.EltOneOfString,(return.policies.guarantee.acceptedPayments.methods[..]),0,1,0,0,c:\Users\\OneDrive\Documents\ReplicationPackage\invariantsClassified\AmadeusHotel\getMultiHotelOffers\50\invariants_50_modified_tab_delimiter.xlsx,data.offers.policies.guarantee.acceptedPayments.methods
main.shoppinghotel-offers.getMultiHotelOffers&200&data&offers(main.getMultiHotelOffers&Input):::EXIT,"return.policies.deposit.acceptedPayments.methods[] elements one of { ""ADVANCE_DEPOSIT"", ""CREDIT_CARD"" }",daikon.inv.unary.stringsequence.EltOneOfString,(return.policies.deposit.acceptedPayments.methods[..]),0,1,0,0,c:\Users\\OneDrive\Documents\ReplicationPackage\invariantsClassified\AmadeusHotel\getMultiHotelOffers\50\invariants_50_modified_tab_delimiter.xlsx,data.offers.policies.deposit.acceptedPayments.methods
